{
  "files_combined": 10,
  "avg_latency_sec": 45.47387169879999,
  "avg_throughput_rows_per_sec": 101.92459422365935,
  "aggregated_metrics": {
    "cpu": {
      "pre": 45.58848881673882,
      "during": 63.08716516320627,
      "post": 52.91938369408369
    },
    "memory_mb": {
      "pre": 173.75444333682807,
      "during": 173.39166341127526,
      "post": 173.1815644897637
    },
    "threads": {
      "pre": 25.508746753246754,
      "during": 27.72916936644135,
      "post": 25.958897546897543
    },
    "fds": {
      "pre": 30.956813852813855,
      "during": 31.166518023422128,
      "post": 31.038640692640694
    },
    "net_kbps": {
      "pre": 8.85576471098329,
      "during": 94.31621164309468,
      "post": 1.011651763822284
    }
  },
  "figure_path": "results/combined_normal/combined_10files_20250911_132542.png"
}